--------------------------------------------------------
--  Insert tabla afiliado
--------------------------------------------------------
Insert into AFILIADO (ID_AFILIADO,NOMBRE,CEDULA,EMAIL,TELEFONO,DIRECCION,FECHA_AFILIACION,ESTADO,NIVEL_HIERARQUIA,AFILIADO_SUPERIOR_ID) values ('1','Carlos Pérez','000','carlos@ejemplo.com','3101234567','Calle 123, Bogotá',to_date('13/11/24','DD/MM/RR'),'Activo','1',null);
Insert into AFILIADO (ID_AFILIADO,NOMBRE,CEDULA,EMAIL,TELEFONO,DIRECCION,FECHA_AFILIACION,ESTADO,NIVEL_HIERARQUIA,AFILIADO_SUPERIOR_ID) values ('2','Ana Gómez','000','ana@ejemplo.com','3101234568','Calle 456, Medellín',to_date('13/11/24','DD/MM/RR'),'Activo','1','1');
Insert into AFILIADO (ID_AFILIADO,NOMBRE,CEDULA,EMAIL,TELEFONO,DIRECCION,FECHA_AFILIACION,ESTADO,NIVEL_HIERARQUIA,AFILIADO_SUPERIOR_ID) values ('3','Luis Rodríguez','000','luis@ejemplo.com','3101234569','Calle 789, Cali',to_date('13/11/24','DD/MM/RR'),'Activo','2','1');
Insert into AFILIADO (ID_AFILIADO,NOMBRE,CEDULA,EMAIL,TELEFONO,DIRECCION,FECHA_AFILIACION,ESTADO,NIVEL_HIERARQUIA,AFILIADO_SUPERIOR_ID) values ('4','Pedro Martínez','000','pedro@ejemplo.com','3101234570','Calle 101, Barranquilla',to_date('13/11/24','DD/MM/RR'),'Activo','2','2');
Insert into AFILIADO (ID_AFILIADO,NOMBRE,CEDULA,EMAIL,TELEFONO,DIRECCION,FECHA_AFILIACION,ESTADO,NIVEL_HIERARQUIA,AFILIADO_SUPERIOR_ID) values ('5','María Sánchez','000','maria@ejemplo.com','3101234571','Calle 202, Cartagena',to_date('13/11/24','DD/MM/RR'),'Activo','3','2');
Insert into AFILIADO (ID_AFILIADO,NOMBRE,CEDULA,EMAIL,TELEFONO,DIRECCION,FECHA_AFILIACION,ESTADO,NIVEL_HIERARQUIA,AFILIADO_SUPERIOR_ID) values ('6','Fernando Díaz','000','fernando@ejemplo.com','3101234572','Calle 303, Bucaramanga',to_date('13/11/24','DD/MM/RR'),'Activo','3','3');
Insert into AFILIADO (ID_AFILIADO,NOMBRE,CEDULA,EMAIL,TELEFONO,DIRECCION,FECHA_AFILIACION,ESTADO,NIVEL_HIERARQUIA,AFILIADO_SUPERIOR_ID) values ('7','Gabriela Martínez','000','gabriela@ejemplo.com','3101234573','Calle 404, Medellín',to_date('13/11/24','DD/MM/RR'),'Activo','1','3');
Insert into AFILIADO (ID_AFILIADO,NOMBRE,CEDULA,EMAIL,TELEFONO,DIRECCION,FECHA_AFILIACION,ESTADO,NIVEL_HIERARQUIA,AFILIADO_SUPERIOR_ID) values ('8','Ricardo López','000','ricardo@ejemplo.com','3101234574','Calle 505, Bogotá',to_date('13/11/24','DD/MM/RR'),'Activo','2','4');
Insert into AFILIADO (ID_AFILIADO,NOMBRE,CEDULA,EMAIL,TELEFONO,DIRECCION,FECHA_AFILIACION,ESTADO,NIVEL_HIERARQUIA,AFILIADO_SUPERIOR_ID) values ('9','Sofía García','000','sofia@ejemplo.com','3101234575','Calle 606, Cali',to_date('13/11/24','DD/MM/RR'),'Activo','1','5');
Insert into AFILIADO (ID_AFILIADO,NOMBRE,CEDULA,EMAIL,TELEFONO,DIRECCION,FECHA_AFILIACION,ESTADO,NIVEL_HIERARQUIA,AFILIADO_SUPERIOR_ID) values ('10','Juan Fernández','000','juan@ejemplo.com','3101234576','Calle 707, Barranquilla',to_date('13/11/24','DD/MM/RR'),'Activo','1','6');
Insert into AFILIADO (ID_AFILIADO,NOMBRE,CEDULA,EMAIL,TELEFONO,DIRECCION,FECHA_AFILIACION,ESTADO,NIVEL_HIERARQUIA,AFILIADO_SUPERIOR_ID) values ('11','Juliana Castro','000','juliana@ejemplo.com','3101234577','Calle 808, Cartagena',to_date('13/11/24','DD/MM/RR'),'Activo','4','2');
Insert into AFILIADO (ID_AFILIADO,NOMBRE,CEDULA,EMAIL,TELEFONO,DIRECCION,FECHA_AFILIACION,ESTADO,NIVEL_HIERARQUIA,AFILIADO_SUPERIOR_ID) values ('12','Mario Torres','000','mario@ejemplo.com','3101234578','Calle 909, Bucaramanga',to_date('13/11/24','DD/MM/RR'),'Activo','4','8');
Insert into AFILIADO (ID_AFILIADO,NOMBRE,CEDULA,EMAIL,TELEFONO,DIRECCION,FECHA_AFILIACION,ESTADO,NIVEL_HIERARQUIA,AFILIADO_SUPERIOR_ID) values ('13','Laura Pérez','000','laura@ejemplo.com','3101234579','Calle 111, Medellín',to_date('13/11/24','DD/MM/RR'),'Activo','2','9');
Insert into AFILIADO (ID_AFILIADO,NOMBRE,CEDULA,EMAIL,TELEFONO,DIRECCION,FECHA_AFILIACION,ESTADO,NIVEL_HIERARQUIA,AFILIADO_SUPERIOR_ID) values ('14','Esteban Díaz','000','esteban@ejemplo.com','3101234580','Calle 222, Bogotá',to_date('13/11/24','DD/MM/RR'),'Activo','3','7');
Insert into AFILIADO (ID_AFILIADO,NOMBRE,CEDULA,EMAIL,TELEFONO,DIRECCION,FECHA_AFILIACION,ESTADO,NIVEL_HIERARQUIA,AFILIADO_SUPERIOR_ID) values ('15','Cristina Ruiz','000','cristina@ejemplo.com','3101234581','Calle 333, Cali',to_date('13/11/24','DD/MM/RR'),'Activo','1','10');
Insert into AFILIADO (ID_AFILIADO,NOMBRE,CEDULA,EMAIL,TELEFONO,DIRECCION,FECHA_AFILIACION,ESTADO,NIVEL_HIERARQUIA,AFILIADO_SUPERIOR_ID) values ('17','Patricia Ríos','000','patricia@ejemplo.com','3101234583','Calle 555, Barranquilla',to_date('13/11/24','DD/MM/RR'),'Activo','3','6');
Insert into AFILIADO (ID_AFILIADO,NOMBRE,CEDULA,EMAIL,TELEFONO,DIRECCION,FECHA_AFILIACION,ESTADO,NIVEL_HIERARQUIA,AFILIADO_SUPERIOR_ID) values ('18','Ricardo Ramírez','000','ricardo.r@ejemplo.com','3101234584','Calle 666, Bucaramanga',to_date('13/11/24','DD/MM/RR'),'Activo','2','7');
Insert into AFILIADO (ID_AFILIADO,NOMBRE,CEDULA,EMAIL,TELEFONO,DIRECCION,FECHA_AFILIACION,ESTADO,NIVEL_HIERARQUIA,AFILIADO_SUPERIOR_ID) values ('19','Beatriz Salazar','000','beatriz@ejemplo.com','3101234585','Calle 777, Cali',to_date('13/11/24','DD/MM/RR'),'Activo','1','8');
Insert into AFILIADO (ID_AFILIADO,NOMBRE,CEDULA,EMAIL,TELEFONO,DIRECCION,FECHA_AFILIACION,ESTADO,NIVEL_HIERARQUIA,AFILIADO_SUPERIOR_ID) values ('20','Jorge López','000','jorge@ejemplo.com','3101234586','Calle 888, Bogotá',to_date('13/11/24','DD/MM/RR'),'Activo','3','9');
Insert into AFILIADO (ID_AFILIADO,NOMBRE,CEDULA,EMAIL,TELEFONO,DIRECCION,FECHA_AFILIACION,ESTADO,NIVEL_HIERARQUIA,AFILIADO_SUPERIOR_ID) values ('16','Antonio Morales','000','antonio@ejemplo.com','3101234582','Calle 444, Medellín',to_date('13/11/24','DD/MM/RR'),'Activo','2','5');

Insert into VENTA (ID_VENTA,ID_AFILIADO,FECHA_VENTA,TOTAL) values ('1','1',to_date('13/11/24','DD/MM/RR'),'1500000');
Insert into VENTA (ID_VENTA,ID_AFILIADO,FECHA_VENTA,TOTAL) values ('2','2',to_date('13/11/24','DD/MM/RR'),'2500000');
Insert into VENTA (ID_VENTA,ID_AFILIADO,FECHA_VENTA,TOTAL) values ('3','3',to_date('13/11/24','DD/MM/RR'),'1000000');
Insert into VENTA (ID_VENTA,ID_AFILIADO,FECHA_VENTA,TOTAL) values ('4','4',to_date('13/11/24','DD/MM/RR'),'3000000');
Insert into VENTA (ID_VENTA,ID_AFILIADO,FECHA_VENTA,TOTAL) values ('5','5',to_date('13/11/24','DD/MM/RR'),'2000000');
Insert into VENTA (ID_VENTA,ID_AFILIADO,FECHA_VENTA,TOTAL) values ('6','6',to_date('13/11/24','DD/MM/RR'),'3500000');
Insert into VENTA (ID_VENTA,ID_AFILIADO,FECHA_VENTA,TOTAL) values ('7','7',to_date('13/11/24','DD/MM/RR'),'1800000');
Insert into VENTA (ID_VENTA,ID_AFILIADO,FECHA_VENTA,TOTAL) values ('8','8',to_date('13/11/24','DD/MM/RR'),'2100000');
Insert into VENTA (ID_VENTA,ID_AFILIADO,FECHA_VENTA,TOTAL) values ('9','9',to_date('13/11/24','DD/MM/RR'),'1700000');
Insert into VENTA (ID_VENTA,ID_AFILIADO,FECHA_VENTA,TOTAL) values ('10','10',to_date('13/11/24','DD/MM/RR'),'1200000');
Insert into VENTA (ID_VENTA,ID_AFILIADO,FECHA_VENTA,TOTAL) values ('11','11',to_date('13/11/24','DD/MM/RR'),'2200000');
Insert into VENTA (ID_VENTA,ID_AFILIADO,FECHA_VENTA,TOTAL) values ('12','12',to_date('13/11/24','DD/MM/RR'),'1600000');
Insert into VENTA (ID_VENTA,ID_AFILIADO,FECHA_VENTA,TOTAL) values ('13','13',to_date('13/11/24','DD/MM/RR'),'1900000');
Insert into VENTA (ID_VENTA,ID_AFILIADO,FECHA_VENTA,TOTAL) values ('14','14',to_date('13/11/24','DD/MM/RR'),'2700000');
Insert into VENTA (ID_VENTA,ID_AFILIADO,FECHA_VENTA,TOTAL) values ('15','15',to_date('13/11/24','DD/MM/RR'),'2400000');
Insert into VENTA (ID_VENTA,ID_AFILIADO,FECHA_VENTA,TOTAL) values ('17','17',to_date('13/11/24','DD/MM/RR'),'3100000');
Insert into VENTA (ID_VENTA,ID_AFILIADO,FECHA_VENTA,TOTAL) values ('18','18',to_date('13/11/24','DD/MM/RR'),'2800000');
Insert into VENTA (ID_VENTA,ID_AFILIADO,FECHA_VENTA,TOTAL) values ('19','19',to_date('13/11/24','DD/MM/RR'),'3200000');
Insert into VENTA (ID_VENTA,ID_AFILIADO,FECHA_VENTA,TOTAL) values ('20','20',to_date('13/11/24','DD/MM/RR'),'1500000');
Insert into VENTA (ID_VENTA,ID_AFILIADO,FECHA_VENTA,TOTAL) values ('16','16',to_date('13/11/24','DD/MM/RR'),'2500000');

Insert into COMISION (ID_COMISION,ID_VENTA,ID_AFILIADO,NIVEL_HIERARQUIA,MONTO_COMISION) values ('1','1','1','1','50000');
Insert into COMISION (ID_COMISION,ID_VENTA,ID_AFILIADO,NIVEL_HIERARQUIA,MONTO_COMISION) values ('2','2','2','2','70000');
Insert into COMISION (ID_COMISION,ID_VENTA,ID_AFILIADO,NIVEL_HIERARQUIA,MONTO_COMISION) values ('3','3','3','3','45000');
Insert into COMISION (ID_COMISION,ID_VENTA,ID_AFILIADO,NIVEL_HIERARQUIA,MONTO_COMISION) values ('4','4','4','1','75000');
Insert into COMISION (ID_COMISION,ID_VENTA,ID_AFILIADO,NIVEL_HIERARQUIA,MONTO_COMISION) values ('5','5','5','2','60000');
Insert into COMISION (ID_COMISION,ID_VENTA,ID_AFILIADO,NIVEL_HIERARQUIA,MONTO_COMISION) values ('6','6','6','3','80000');
Insert into COMISION (ID_COMISION,ID_VENTA,ID_AFILIADO,NIVEL_HIERARQUIA,MONTO_COMISION) values ('7','7','7','1','50000');
Insert into COMISION (ID_COMISION,ID_VENTA,ID_AFILIADO,NIVEL_HIERARQUIA,MONTO_COMISION) values ('8','8','8','2','60000');
Insert into COMISION (ID_COMISION,ID_VENTA,ID_AFILIADO,NIVEL_HIERARQUIA,MONTO_COMISION) values ('9','9','9','3','65000');
Insert into COMISION (ID_COMISION,ID_VENTA,ID_AFILIADO,NIVEL_HIERARQUIA,MONTO_COMISION) values ('10','10','10','1','70000');
Insert into COMISION (ID_COMISION,ID_VENTA,ID_AFILIADO,NIVEL_HIERARQUIA,MONTO_COMISION) values ('11','11','11','2','75000');
Insert into COMISION (ID_COMISION,ID_VENTA,ID_AFILIADO,NIVEL_HIERARQUIA,MONTO_COMISION) values ('12','12','12','3','55000');
Insert into COMISION (ID_COMISION,ID_VENTA,ID_AFILIADO,NIVEL_HIERARQUIA,MONTO_COMISION) values ('13','13','13','1','45000');
Insert into COMISION (ID_COMISION,ID_VENTA,ID_AFILIADO,NIVEL_HIERARQUIA,MONTO_COMISION) values ('14','14','14','2','80000');
Insert into COMISION (ID_COMISION,ID_VENTA,ID_AFILIADO,NIVEL_HIERARQUIA,MONTO_COMISION) values ('15','15','15','3','60000');
Insert into COMISION (ID_COMISION,ID_VENTA,ID_AFILIADO,NIVEL_HIERARQUIA,MONTO_COMISION) values ('16','16','16','1','70000');
Insert into COMISION (ID_COMISION,ID_VENTA,ID_AFILIADO,NIVEL_HIERARQUIA,MONTO_COMISION) values ('17','17','17','2','65000');
Insert into COMISION (ID_COMISION,ID_VENTA,ID_AFILIADO,NIVEL_HIERARQUIA,MONTO_COMISION) values ('18','18','18','3','45000');
Insert into COMISION (ID_COMISION,ID_VENTA,ID_AFILIADO,NIVEL_HIERARQUIA,MONTO_COMISION) values ('19','19','19','1','50000');
Insert into COMISION (ID_COMISION,ID_VENTA,ID_AFILIADO,NIVEL_HIERARQUIA,MONTO_COMISION) values ('20','20','20','2','55000');

Insert into DESPACHO (ID_DESPACHO,ID_VENTA,ESTADO,FECHA_DESPACHO,FECHA_ENTREGA) values ('1','1','Pendiente',to_date('13/11/24','DD/MM/RR'),to_date('15/11/24','DD/MM/RR'));
Insert into DESPACHO (ID_DESPACHO,ID_VENTA,ESTADO,FECHA_DESPACHO,FECHA_ENTREGA) values ('2','2','Enviado',to_date('13/11/24','DD/MM/RR'),to_date('18/11/24','DD/MM/RR'));
Insert into DESPACHO (ID_DESPACHO,ID_VENTA,ESTADO,FECHA_DESPACHO,FECHA_ENTREGA) values ('3','3','Entregado',to_date('13/11/24','DD/MM/RR'),to_date('20/11/24','DD/MM/RR'));
Insert into DESPACHO (ID_DESPACHO,ID_VENTA,ESTADO,FECHA_DESPACHO,FECHA_ENTREGA) values ('4','4','Pendiente',to_date('13/11/24','DD/MM/RR'),to_date('16/11/24','DD/MM/RR'));
Insert into DESPACHO (ID_DESPACHO,ID_VENTA,ESTADO,FECHA_DESPACHO,FECHA_ENTREGA) values ('5','5','Enviado',to_date('13/11/24','DD/MM/RR'),to_date('19/11/24','DD/MM/RR'));
Insert into DESPACHO (ID_DESPACHO,ID_VENTA,ESTADO,FECHA_DESPACHO,FECHA_ENTREGA) values ('6','6','Entregado',to_date('13/11/24','DD/MM/RR'),to_date('21/11/24','DD/MM/RR'));
Insert into DESPACHO (ID_DESPACHO,ID_VENTA,ESTADO,FECHA_DESPACHO,FECHA_ENTREGA) values ('7','7','Pendiente',to_date('13/11/24','DD/MM/RR'),to_date('17/11/24','DD/MM/RR'));
Insert into DESPACHO (ID_DESPACHO,ID_VENTA,ESTADO,FECHA_DESPACHO,FECHA_ENTREGA) values ('8','8','Enviado',to_date('13/11/24','DD/MM/RR'),to_date('22/11/24','DD/MM/RR'));
Insert into DESPACHO (ID_DESPACHO,ID_VENTA,ESTADO,FECHA_DESPACHO,FECHA_ENTREGA) values ('9','9','Entregado',to_date('13/11/24','DD/MM/RR'),to_date('23/11/24','DD/MM/RR'));
Insert into DESPACHO (ID_DESPACHO,ID_VENTA,ESTADO,FECHA_DESPACHO,FECHA_ENTREGA) values ('10','10','Pendiente',to_date('13/11/24','DD/MM/RR'),to_date('16/11/24','DD/MM/RR'));
Insert into DESPACHO (ID_DESPACHO,ID_VENTA,ESTADO,FECHA_DESPACHO,FECHA_ENTREGA) values ('11','11','Enviado',to_date('13/11/24','DD/MM/RR'),to_date('19/11/24','DD/MM/RR'));
Insert into DESPACHO (ID_DESPACHO,ID_VENTA,ESTADO,FECHA_DESPACHO,FECHA_ENTREGA) values ('12','12','Entregado',to_date('13/11/24','DD/MM/RR'),to_date('18/11/24','DD/MM/RR'));
Insert into DESPACHO (ID_DESPACHO,ID_VENTA,ESTADO,FECHA_DESPACHO,FECHA_ENTREGA) values ('13','13','Pendiente',to_date('13/11/24','DD/MM/RR'),to_date('17/11/24','DD/MM/RR'));
Insert into DESPACHO (ID_DESPACHO,ID_VENTA,ESTADO,FECHA_DESPACHO,FECHA_ENTREGA) values ('14','14','Enviado',to_date('13/11/24','DD/MM/RR'),to_date('20/11/24','DD/MM/RR'));
Insert into DESPACHO (ID_DESPACHO,ID_VENTA,ESTADO,FECHA_DESPACHO,FECHA_ENTREGA) values ('15','15','Entregado',to_date('13/11/24','DD/MM/RR'),to_date('19/11/24','DD/MM/RR'));
Insert into DESPACHO (ID_DESPACHO,ID_VENTA,ESTADO,FECHA_DESPACHO,FECHA_ENTREGA) values ('16','16','Pendiente',to_date('13/11/24','DD/MM/RR'),to_date('18/11/24','DD/MM/RR'));
Insert into DESPACHO (ID_DESPACHO,ID_VENTA,ESTADO,FECHA_DESPACHO,FECHA_ENTREGA) values ('17','17','Enviado',to_date('13/11/24','DD/MM/RR'),to_date('21/11/24','DD/MM/RR'));
Insert into DESPACHO (ID_DESPACHO,ID_VENTA,ESTADO,FECHA_DESPACHO,FECHA_ENTREGA) values ('18','18','Entregado',to_date('13/11/24','DD/MM/RR'),to_date('23/11/24','DD/MM/RR'));
Insert into DESPACHO (ID_DESPACHO,ID_VENTA,ESTADO,FECHA_DESPACHO,FECHA_ENTREGA) values ('19','19','Pendiente',to_date('13/11/24','DD/MM/RR'),to_date('17/11/24','DD/MM/RR'));
Insert into DESPACHO (ID_DESPACHO,ID_VENTA,ESTADO,FECHA_DESPACHO,FECHA_ENTREGA) values ('20','20','Enviado',to_date('13/11/24','DD/MM/RR'),to_date('22/11/24','DD/MM/RR'));

Insert into PRODUCTO (ID_PRODUCTO,NOMBRE,CATEGORIA,PRECIO,STOCK) values ('1','Producto A','Categoría 1','500000','100');
Insert into PRODUCTO (ID_PRODUCTO,NOMBRE,CATEGORIA,PRECIO,STOCK) values ('2','Producto B','Categoría 1','300000','120');
Insert into PRODUCTO (ID_PRODUCTO,NOMBRE,CATEGORIA,PRECIO,STOCK) values ('3','Producto C','Categoría 2','200000','150');
Insert into PRODUCTO (ID_PRODUCTO,NOMBRE,CATEGORIA,PRECIO,STOCK) values ('4','Producto D','Categoría 2','800000','90');
Insert into PRODUCTO (ID_PRODUCTO,NOMBRE,CATEGORIA,PRECIO,STOCK) values ('5','Producto E','Categoría 3','400000','200');
Insert into PRODUCTO (ID_PRODUCTO,NOMBRE,CATEGORIA,PRECIO,STOCK) values ('6','Producto F','Categoría 3','600000','180');
Insert into PRODUCTO (ID_PRODUCTO,NOMBRE,CATEGORIA,PRECIO,STOCK) values ('7','Producto G','Categoría 1','300000','250');
Insert into PRODUCTO (ID_PRODUCTO,NOMBRE,CATEGORIA,PRECIO,STOCK) values ('8','Producto H','Categoría 2','450000','100');
Insert into PRODUCTO (ID_PRODUCTO,NOMBRE,CATEGORIA,PRECIO,STOCK) values ('9','Producto I','Categoría 3','550000','130');
Insert into PRODUCTO (ID_PRODUCTO,NOMBRE,CATEGORIA,PRECIO,STOCK) values ('10','Producto J','Categoría 1','750000','110');
Insert into PRODUCTO (ID_PRODUCTO,NOMBRE,CATEGORIA,PRECIO,STOCK) values ('11','Producto K','Categoría 2','650000','160');
Insert into PRODUCTO (ID_PRODUCTO,NOMBRE,CATEGORIA,PRECIO,STOCK) values ('12','Producto L','Categoría 3','500000','140');
Insert into PRODUCTO (ID_PRODUCTO,NOMBRE,CATEGORIA,PRECIO,STOCK) values ('13','Producto M','Categoría 1','350000','180');
Insert into PRODUCTO (ID_PRODUCTO,NOMBRE,CATEGORIA,PRECIO,STOCK) values ('14','Producto N','Categoría 2','400000','200');
Insert into PRODUCTO (ID_PRODUCTO,NOMBRE,CATEGORIA,PRECIO,STOCK) values ('15','Producto O','Categoría 3','800000','110');
Insert into PRODUCTO (ID_PRODUCTO,NOMBRE,CATEGORIA,PRECIO,STOCK) values ('16','Producto P','Categoría 1','500000','220');
Insert into PRODUCTO (ID_PRODUCTO,NOMBRE,CATEGORIA,PRECIO,STOCK) values ('17','Producto Q','Categoría 2','600000','190');
Insert into PRODUCTO (ID_PRODUCTO,NOMBRE,CATEGORIA,PRECIO,STOCK) values ('18','Producto R','Categoría 3','700000','150');
Insert into PRODUCTO (ID_PRODUCTO,NOMBRE,CATEGORIA,PRECIO,STOCK) values ('19','Producto S','Categoría 1','400000','130');
Insert into PRODUCTO (ID_PRODUCTO,NOMBRE,CATEGORIA,PRECIO,STOCK) values ('20','Producto T','Categoría 2','900000','120');

Insert into PROMOCION (ID_PROMOCION,ID_AFILIADO,NIVEL_PROMOCION,FECHA_PROMOCION) values ('1','1','1',to_date('13/11/24','DD/MM/RR'));
Insert into PROMOCION (ID_PROMOCION,ID_AFILIADO,NIVEL_PROMOCION,FECHA_PROMOCION) values ('2','2','2',to_date('13/11/24','DD/MM/RR'));
Insert into PROMOCION (ID_PROMOCION,ID_AFILIADO,NIVEL_PROMOCION,FECHA_PROMOCION) values ('3','3','3',to_date('13/11/24','DD/MM/RR'));
Insert into PROMOCION (ID_PROMOCION,ID_AFILIADO,NIVEL_PROMOCION,FECHA_PROMOCION) values ('4','4','1',to_date('13/11/24','DD/MM/RR'));
Insert into PROMOCION (ID_PROMOCION,ID_AFILIADO,NIVEL_PROMOCION,FECHA_PROMOCION) values ('5','5','2',to_date('13/11/24','DD/MM/RR'));
Insert into PROMOCION (ID_PROMOCION,ID_AFILIADO,NIVEL_PROMOCION,FECHA_PROMOCION) values ('6','6','3',to_date('13/11/24','DD/MM/RR'));
Insert into PROMOCION (ID_PROMOCION,ID_AFILIADO,NIVEL_PROMOCION,FECHA_PROMOCION) values ('7','7','1',to_date('13/11/24','DD/MM/RR'));
Insert into PROMOCION (ID_PROMOCION,ID_AFILIADO,NIVEL_PROMOCION,FECHA_PROMOCION) values ('8','8','2',to_date('13/11/24','DD/MM/RR'));
Insert into PROMOCION (ID_PROMOCION,ID_AFILIADO,NIVEL_PROMOCION,FECHA_PROMOCION) values ('9','9','3',to_date('13/11/24','DD/MM/RR'));
Insert into PROMOCION (ID_PROMOCION,ID_AFILIADO,NIVEL_PROMOCION,FECHA_PROMOCION) values ('10','10','1',to_date('13/11/24','DD/MM/RR'));
Insert into PROMOCION (ID_PROMOCION,ID_AFILIADO,NIVEL_PROMOCION,FECHA_PROMOCION) values ('11','11','2',to_date('13/11/24','DD/MM/RR'));
Insert into PROMOCION (ID_PROMOCION,ID_AFILIADO,NIVEL_PROMOCION,FECHA_PROMOCION) values ('12','12','3',to_date('13/11/24','DD/MM/RR'));
Insert into PROMOCION (ID_PROMOCION,ID_AFILIADO,NIVEL_PROMOCION,FECHA_PROMOCION) values ('13','13','1',to_date('13/11/24','DD/MM/RR'));
Insert into PROMOCION (ID_PROMOCION,ID_AFILIADO,NIVEL_PROMOCION,FECHA_PROMOCION) values ('14','14','2',to_date('13/11/24','DD/MM/RR'));
Insert into PROMOCION (ID_PROMOCION,ID_AFILIADO,NIVEL_PROMOCION,FECHA_PROMOCION) values ('15','15','3',to_date('13/11/24','DD/MM/RR'));
Insert into PROMOCION (ID_PROMOCION,ID_AFILIADO,NIVEL_PROMOCION,FECHA_PROMOCION) values ('16','16','1',to_date('13/11/24','DD/MM/RR'));
Insert into PROMOCION (ID_PROMOCION,ID_AFILIADO,NIVEL_PROMOCION,FECHA_PROMOCION) values ('17','17','2',to_date('13/11/24','DD/MM/RR'));
Insert into PROMOCION (ID_PROMOCION,ID_AFILIADO,NIVEL_PROMOCION,FECHA_PROMOCION) values ('18','18','3',to_date('13/11/24','DD/MM/RR'));
Insert into PROMOCION (ID_PROMOCION,ID_AFILIADO,NIVEL_PROMOCION,FECHA_PROMOCION) values ('19','19','1',to_date('13/11/24','DD/MM/RR'));
Insert into PROMOCION (ID_PROMOCION,ID_AFILIADO,NIVEL_PROMOCION,FECHA_PROMOCION) values ('20','20','2',to_date('13/11/24','DD/MM/RR'));

Insert into VENTA_PRODUCTO (ID_VENTA_PRODUCTO,ID_VENTA,ID_PRODUCTO,CANTIDAD,PRECIO_VENTA) values ('1','1','1','2','500000');
Insert into VENTA_PRODUCTO (ID_VENTA_PRODUCTO,ID_VENTA,ID_PRODUCTO,CANTIDAD,PRECIO_VENTA) values ('2','1','2','1','300000');
Insert into VENTA_PRODUCTO (ID_VENTA_PRODUCTO,ID_VENTA,ID_PRODUCTO,CANTIDAD,PRECIO_VENTA) values ('3','2','3','5','200000');
Insert into VENTA_PRODUCTO (ID_VENTA_PRODUCTO,ID_VENTA,ID_PRODUCTO,CANTIDAD,PRECIO_VENTA) values ('4','2','4','3','800000');
Insert into VENTA_PRODUCTO (ID_VENTA_PRODUCTO,ID_VENTA,ID_PRODUCTO,CANTIDAD,PRECIO_VENTA) values ('5','3','5','2','400000');
Insert into VENTA_PRODUCTO (ID_VENTA_PRODUCTO,ID_VENTA,ID_PRODUCTO,CANTIDAD,PRECIO_VENTA) values ('6','3','6','1','600000');
Insert into VENTA_PRODUCTO (ID_VENTA_PRODUCTO,ID_VENTA,ID_PRODUCTO,CANTIDAD,PRECIO_VENTA) values ('7','4','7','4','300000');
Insert into VENTA_PRODUCTO (ID_VENTA_PRODUCTO,ID_VENTA,ID_PRODUCTO,CANTIDAD,PRECIO_VENTA) values ('8','4','8','2','450000');
Insert into VENTA_PRODUCTO (ID_VENTA_PRODUCTO,ID_VENTA,ID_PRODUCTO,CANTIDAD,PRECIO_VENTA) values ('9','5','9','1','550000');
Insert into VENTA_PRODUCTO (ID_VENTA_PRODUCTO,ID_VENTA,ID_PRODUCTO,CANTIDAD,PRECIO_VENTA) values ('10','5','10','2','750000');
Insert into VENTA_PRODUCTO (ID_VENTA_PRODUCTO,ID_VENTA,ID_PRODUCTO,CANTIDAD,PRECIO_VENTA) values ('11','6','11','3','650000');
Insert into VENTA_PRODUCTO (ID_VENTA_PRODUCTO,ID_VENTA,ID_PRODUCTO,CANTIDAD,PRECIO_VENTA) values ('12','6','12','2','500000');
Insert into VENTA_PRODUCTO (ID_VENTA_PRODUCTO,ID_VENTA,ID_PRODUCTO,CANTIDAD,PRECIO_VENTA) values ('13','7','13','1','350000');
Insert into VENTA_PRODUCTO (ID_VENTA_PRODUCTO,ID_VENTA,ID_PRODUCTO,CANTIDAD,PRECIO_VENTA) values ('14','7','14','2','400000');
Insert into VENTA_PRODUCTO (ID_VENTA_PRODUCTO,ID_VENTA,ID_PRODUCTO,CANTIDAD,PRECIO_VENTA) values ('15','8','15','3','800000');
Insert into VENTA_PRODUCTO (ID_VENTA_PRODUCTO,ID_VENTA,ID_PRODUCTO,CANTIDAD,PRECIO_VENTA) values ('16','8','16','1','500000');
Insert into VENTA_PRODUCTO (ID_VENTA_PRODUCTO,ID_VENTA,ID_PRODUCTO,CANTIDAD,PRECIO_VENTA) values ('17','9','17','1','600000');
Insert into VENTA_PRODUCTO (ID_VENTA_PRODUCTO,ID_VENTA,ID_PRODUCTO,CANTIDAD,PRECIO_VENTA) values ('18','9','18','3','700000');
Insert into VENTA_PRODUCTO (ID_VENTA_PRODUCTO,ID_VENTA,ID_PRODUCTO,CANTIDAD,PRECIO_VENTA) values ('19','10','19','2','400000');
Insert into VENTA_PRODUCTO (ID_VENTA_PRODUCTO,ID_VENTA,ID_PRODUCTO,CANTIDAD,PRECIO_VENTA) values ('20','10','20','1','900000');
commit;